sentence,label
hide new secretions from the parental units ,0
"contains no wit , only labored gags ",0
remains utterly satisfied to remain the same throughout ,0
on the worst revenge-of-the-nerds clichés the filmmakers could dredge up ,0
that 's far too tragic to merit such superficial treatment ,0
a depressed fifteen-year-old 's suicidal poetry ,0
goes to absurd lengths ,0
for those moviegoers who complain that ` they do n't make movies like they used to anymore ,0
"the part where nothing 's happening , ",0
saw how bad this movie was ,0
lend some dignity to a dumb story ,0
cold movie ,0
redundant concept ,0
excruciatingly unfunny and pitifully unromantic ,0
"which half of dragonfly is worse : the part where nothing 's happening , or the part where something 's happening ",0
"the plot is nothing but boilerplate clichés from start to finish , ",0
the action is stilted ,0
"will find little of interest in this film , which is often preachy and poorly acted ",0
by far the worst movie of the year ,0
"sit through , ",0
oblivious to the existence of this film ,0
"the entire point of a shaggy dog story , of course , is that it goes nowhere , and this is classic nowheresville in every sense . ",0
sometimes dry ,0
"as they come , already having been recycled more times than i 'd care to count ",0
a $ 40 million version of a game ,0
as a fringe feminist conspiracy theorist ,0
disappointments ,0
the horrors ,0
many pointless ,0
"contrived , well-worn situations ",0
a doa ,0
poor ben bratt could n't find stardom if mapquest emailed him point-to-point driving directions . ,0
far less sophisticated and ,0
no apparent joy ,0
shot on ugly digital video ,0
... a sour little movie at its core ; an exploration of the emptiness that underlay the relentless gaiety of the 1920 's ... the film 's ending has a `` what was it all for ? '' ,0
"though ford and neeson capably hold our interest , but its just not a thrilling movie ",0
we never feel anything for these characters ,0
's a lousy one at that ,0
the corporate circus that is the recording industry in the current climate of mergers and downsizing ,0
of the most highly-praised disappointments i ,0
"sounds like a cruel deception carried out by men of marginal intelligence , with reactionary ideas about women and a total lack of empathy . ",0
to the dustbin of history ,0
"as a director , eastwood is off his game ",0
weak and ,0
"skip this dreck , ",0
contains very few laughs and even less surprises ,0
", though many of the actors throw off a spark or two when they first appear , they ca n't generate enough heat in this cold vacuum of a comedy to start a reaction . ",0
that 's so sloppily written and cast that you can not believe anyone more central to the creation of bugsy than the caterer ,0
strung-together moments ,0
overbearing and over-the-top ,0
yet this grating showcase ,0
addition to sporting one of the worst titles in recent cinematic history ,0
"build some robots , haul 'em to the theater with you for the late show , and put on your own mystery science theatre 3000 tribute to what is almost certainly going to go down as the worst -- and only -- killer website movie of this or any other year ",0
do n't work in concert ,0
"it 's too harsh to work as a piece of storytelling , ",0
altogether too slight to be called any kind of masterpiece ,0
grievous but ,0
"after you laugh once ( maybe twice ) , you will have completely forgotten the movie by the time you get back to your car in the parking lot . ",0
hopeless ,0
nicks and steinberg match their own creations for pure venality -- that 's giving it the old college try . ,0
are n't many conclusive answers in the film ,0
"clumsy dialogue , heavy-handed phoney-feeling sentiment , ",0
"proves a lovely trifle that , unfortunately , is a little too in love with its own cuteness . ",0
the film 's mid-to-low budget is betrayed by the surprisingly shoddy makeup work . ,0
just too silly ,0
it is supremely unfunny and unentertaining to watch middle-age and ,0
irritates and ,0
collapse ,0
"( vainly , i think ) ",0
is one big excuse to play one lewd scene after another . ,0
"watching this digital-effects-heavy , supposed family-friendly comedy ",0
absolutely and completely ridiculous and ,0
"the movie is almost completely lacking in suspense , surprise and consistent emotional conviction . ",0
"as if trying to grab a lump of play-doh , the harder that liman tries to squeeze his story ",0
no lika da ,0
just one that could easily wait for your pay per view dollar ,0
justify a theatrical simulation of the death camp of auschwitz ii-birkenau ,0
about as interesting ,0
"overlong , and bombastic ",0
derivative and hammily ,0
disney again ransacks its archives for a quick-buck sequel . ,0
"the problem with the film is whether these ambitions , laudable in themselves , justify a theatrical simulation of the death camp of auschwitz ii-birkenau . ",0
think of this dog of a movie ,0
those so-so films that could have been much better ,0
i hate it . ,0
"no one involved , save dash , shows the slightest aptitude for acting ",0
in this wildly uneven movie ,0
"like one of ( spears ' ) music videos in content -- except that it goes on for at least 90 more minutes and , worse , that you have to pay if you want to see it ",0
being able to hit on a 15-year old when you 're over 100 ,0
"the story of trouble every day ... is so sketchy it amounts to little more than preliminary notes for a science-fiction horror film , and the movie 's fragmentary narrative style makes piecing the story together frustrating difficult . ",0
starts off so bad that you feel like running out screaming ,0
men in black ii achieves ultimate insignificance -- it 's the sci-fi comedy spectacle as whiffle-ball epic . ,0
", plodding picture ",0
"the character dramas , which never reach satisfying conclusions ",0
lost in the translation this time ,0
a plot cobbled together from largely flat and uncreative moments ,0
inane and awful ,0
told in scattered fashion ,0
"believe it or not , jason actually takes a backseat in his own film to special effects ",0
only thing to fear about `` fear dot com '' ,0
whole mess ,0
a résumé loaded with credits like `` girl in bar # 3 ,0
very little to add beyond the dark visions already relayed by superb recent predecessors ,0
"the , yes , snail-like pacing ",0
an extremely unpleasant film . ,0
"the whole affair , true story or not , feels incredibly hokey ... ",0
are all things we 've seen before ,0
as predictable as the tides ,0
", unassuming , subordinate ",0
the horror ,0
a dim ,0
", vicious and absurd ",0
because he acts so goofy all the time ,0
as a dentist 's waiting room ,0
amazingly lame . ,0
confessions may not be a straightforward bio ,0
seems a disappointingly thin slice of lower-class london life ; despite the title ... amounts to surprisingly little ,0
the story is bogus and ,0
ugly as the shabby digital photography ,0
understand the difference between dumb fun and just plain dumb ,0
frida is n't that much different from many a hollywood romance . ,0
"was produced by jerry bruckheimer and directed by joel schumacher , and reflects the worst of their shallow styles : wildly overproduced , inadequately motivated every step of the way and demographically targeted to please every one ( and no one ) ",0
carnage and ,0
"degraded , handheld blair witch video-cam footage ",0
second fiddle ,0
about the folly of superficiality that is itself ,0
"serves as auto-critique , and its clumsiness as its own most damning censure . ",0
tedious norwegian offering which somehow snagged an oscar nomination . ,0
", esther kahn is unusual but unfortunately also irritating . ",0
halfway through this picture i was beginning to hate it ,0
a setup so easy it borders on facile ,0
a thoroughly awful movie ,0
"look smeary and blurry , to the point of distraction ",0
"guns , cheatfully filmed martial arts , disintegrating bloodsucker computer effects and jagged camera moves ",0
"breezy , distracted rhythms ",0
than this mess ,0
two guys who desperately want to be quentin tarantino when they grow up ,0
no new plot conceptions ,0
essentially a collection of bits -- ,0
does n't bode well for the rest of it ,0
usual worst ,0
i could have used my two hours better watching being john malkovich again . ,0
scant ,0
too ludicrous ,0
ultra-cheesy dialogue ,0
handsome but unfulfilling suspense drama ,0
's not very good either . ,0
in her most charmless ,0
"everything about girls ca n't swim , even its passages of sensitive observation , feels secondhand , familiar -- and not in a good way . ",0
ugly digital video ,0
rather choppy ,0
becomes one more dumb high school comedy about sex gags and prom dates ,0
is worse : ,0
horrifying ,0
mourns her tragedies in private ,0
the action scenes are poorly delivered ,0
it 's so bad ,0
so bad ,0
"dabbles all around , never gaining much momentum ",0
does n't leave you with much . ,0
"marivaux 's rhythms , and mira sorvino 's limitations as a classical actress ",0
is less successful on other levels ,0
he appears miserable throughout as he swaggers through his scenes ,0
"a clunky tv-movie approach to detailing a chapter in the life of the celebrated irish playwright , poet and drinker ",0
"i 'm not sure which half of dragonfly is worse : the part where nothing 's happening , or the part where something 's happening ",0
", it never quite makes the grade as tawdry trash . ",0
"enactments , however fascinating they may be as history , are too crude to serve the work especially well . ",0
the dehumanizing and ego-destroying process ,0
taboo subject matter ,0
utterly incompetent conclusion ,0
run for cover ,0
low budget ,0
"walked out muttering words like `` horrible '' and `` terrible , '' ",0
a giant step backward ,0
just copies ,0
"from lynch , jeunet , and von trier while failing to find a spark of its own ",0
this frozen tundra soap opera ,0
is simply too overdone ,0
try and evade ,0
far tamer ,0
is never any question of how things will turn out ,0
only open new wounds ,0
despite suffering a sense-of-humour failure ,0
sleepwalk through vulgarities in a sequel you can refuse ,0
with no reason for being ,0
"just about all of the film is confusing on one level or another , making ararat far more demanding than it needs to be . ",0
a movie that ca n't get sufficient distance from leroy 's ,0
of special effects that run the gamut from cheesy to cheesier to cheesiest ,0
the worst film a man has made about women since valley of the dolls ,0
"come , already having been recycled more times than i 'd care to count ",0
", partisans and sabotage ",0
gory as the scenes of torture and self-mutilation ,0
the package in which this fascinating -- and timely -- content comes wrapped is disappointingly generic . ,0
"this obscenely bad dark comedy , so crass ",0
schticky ,0
"( less a movie than ) an appalling , odoriferous thing ... so ",0
the stomach-turning violence ,0
could use a little more humanity ,0
not everything ,0
a slow-moving police-procedural thriller ,0
a bad idea from frame one ,0
volletta wallace 's maternal fury ,0
atop wooden dialogue ,0
that it progresses in such a low-key manner that it risks monotony ,0
it seeks excitement in manufactured high drama ,0
feeble comedy . ,0
an insult to every family ,0
it is essentially empty ,0
of the film 's problems ,0
makes my big fat greek wedding look like an apartheid drama ,0
is not even half the interest . ,0
never achieve the popularity of my big fat greek wedding ,0
"right now , they 're merely signposts marking the slow , lingering death of imagination . ",0
"often lingers just as long on the irrelevant as on the engaging , which gradually turns what time is it there ? ",0
the energy it takes to describe how bad it is ,0
wait to see it then . ,0
comatose ballerinas ,0
"of the road , where the thematic ironies are too obvious and the sexual politics too smug ",0
formulaic equations ,0
"simply stupid , irrelevant ",0
a heavy-handed indictment of parental failings and ,0
seem weird and distanced ,0
plodding mess ,0
"the weird thing about the santa clause 2 , purportedly a children 's movie , is that there is nothing in it to engage children emotionally . ",0
you 'll find yourself wishing that you and they were in another movie . ,0
of dishonesty ,0
as bestial ,0
"as it is a loose collection of not-so-funny gags , scattered moments of lazy humor ",0
", they prove more distressing than suspenseful . ",0
her bully of a husband ,0
gaghan ... has thrown every suspenseful cliché in the book at this nonsensical story . ,0
the darker elements of misogyny and unprovoked violence suffocate the illumination created by the two daughters ,0
stale retread ,0
an already thin story boils down to surviving invaders seeking an existent anti-virus . ,0
with fewer gags to break the tedium ,0
overbearing and ,0
deep deceptions ,0
"hampered -- no , paralyzed -- by a self-indulgent script ... ",0
is expressly for idiots who do n't care what kind of sewage they shovel into their mental gullets to simulate sustenance . ,0
which nurses plot holes gaping enough to pilot an entire olympic swim team through ,0
a bad blend ,0
excruciatingly unfunny and pitifully unromantic . ,0
war movies ,0
the cliché-laden screenplay ,0
"girlfriends are bad , wives are worse ",0
", and as easy to be bored by as your abc 's , ",0
ransacks ,0
lacks the charisma and ability to carry the film on his admittedly broad shoulders . ,0
book report ,0
leave the theater ,0
spousal abuse ,0
"the director , with his fake backdrops and stately pacing , ",0
anyone who suffers through this film ,0
"for all its brilliant touches , dragon loses its fire midway , nearly flickering out by its perfunctory conclusion . ",0
it 'll probably be in video stores by christmas ,0
underachiever ,0
dime-store ruminations ,0
", reality shows -- reality shows for god 's sake ! ",0
"whatever the movie 's sentimental , hypocritical lessons about sexism , its true colors come out in various wet t-shirt and shower scenes . ",0
'll cry for your money back ,0
"is worse : the part where nothing 's happening , or the part where something 's happening ",0
"like max rothman 's future , does not work . ",0
"has the thrown-together feel of a summer-camp talent show : hastily written , underrehearsed , arbitrarily plotted and ",0
bad run ,0
may just end up trying to drown yourself in a lake afterwards . ,0
"at this time , with this cast , this movie is hopeless ",0
time bombs ,0
the surface histrionics failing to compensate for the paper-thin characterizations and facile situations ,0
"plumbs uncharted depths of stupidity , incoherence and sub-sophomoric sexual banter . ",0
a sour taste in one 's mouth ,0
"... familiar and predictable , and 4/5ths of it might as well have come from a xerox machine rather than ( writer-director ) franc . ",0
responsible for one of the worst movies of one year ,0
"appalling , shamelessly manipulative and contrived ",0
human darkness ,0
"understand that the idea of exploiting molestation for laughs is funny , not actually exploiting it yourself ",0
it 's too loud to shout insults at the screen ,0
"'s a long way from orwell 's dark , intelligent warning cry ( 1984 ) ",0
ardently waste viewers ' time with a gobbler like this ,0
see how many times they can work the words `` radical '' or `` suck '' into a sentence ,0
a doubt ,0
maudlin or ,0
a party-hearty teen flick that scalds like acid . ,0
"the wan , thinly sketched story ",0
this romantic/comedy asks the question how much souvlaki can you take before indigestion sets in . ,0
failure to construct a story with even a trace of dramatic interest ,0
but it also comes with the laziness and arrogance of a thing that already knows it 's won . ,0
"it 's a frightful vanity film that , no doubt , pays off what debt miramax felt they owed to benigni . ",0
", future lizard endeavors will need to adhere more closely to the laws of laughter ",0
a philosophical void ,0
unlikable characters and a self-conscious sense ,0
hot on the hardwood proves once again that a man in drag is not in and of himself funny . ,0
hopelessly juvenile ,0
required to give this comic slugfest some heart ,0
feel more like a non-stop cry for attention ,0
feel more like literary conceits than flesh-and-blood humans ,0
no explanation ,0
"a chilly , remote , emotionally distant piece ... so dull that its tagline should be ",0
a bargain-basement european pickup ,0
"it 's just weirdness for the sake of weirdness , and where human nature should be ingratiating , it 's just grating . ",0
"spliced together bits and pieces of midnight run and 48 hours ( and , for that matter , shrek ) ",0
"is so busy making reference to other films and trying to be other films that it fails to have a heart , mind or humor of its own ",0
"it lacks the compassion , good-natured humor and the level of insight that made ( eyre 's ) first film something of a sleeper success . ",0
obscenely bad ,0
devastatingly ,0
i do n't see the point ,0
comes off like a bad imitation of the bard ,0
stiff or just plain bad ,0
has no point ,0
of isolation and frustration ,0
"of its music or comic antics , but through the perverse pleasure of watching disney scrape the bottom of its own cracker barrel ",0
that there 's no other reason why anyone should bother remembering it ,0
father cliché ,0
domestic tension and unhappiness ,0
"the effort is sincere and the results are honest , but the film is so bleak that it 's hardly watchable ",0
inexpressible and drab wannabe ,0
"the hail of bullets , none of which ever seem to hit ",0
"'s about as convincing as any other arnie musclefest , but has a little too much resonance with real world events and ",0
to hate ,0
turned down ,0
undramatic ,0
the pile of useless actioners ,0
does not work . ,0
it is n't merely offensive ,0
the film goes right over the edge and kills every sense of believability ,0
"a beyond-lame satire , teddy bears ' picnic ranks among the most pitiful directing debuts by an esteemed writer-actor . ",0
emotional seesawing ,0
target audience has n't graduated from junior high school ,0
the film a celluloid litmus test for the intellectual and emotional pedigree of your date and a giant step backward for a director i admire ,0
a pretty listless collection ,0
have been called freddy gets molested by a dog ,0
moody male hustler ,0
uselessly redundant and shamelessly money-grubbing than most third-rate horror sequels ,0
which is mostly a bore ,0
suspect that you 'll be as bored watching morvern callar as the characters are in it . ,0
"... the efforts of its star , kline , to lend some dignity to a dumb story are for naught . ",0
flat as the scruffy sands of its titular community ,0
"is badly edited , often awkwardly directed and suffers from the addition of a wholly unnecessary pre-credit sequence designed to give some of the characters a ` back story ",0
"might want to take a reality check before you pay the full ticket price to see `` simone , '' and consider a dvd rental instead . ",0
"the intimate , unguarded moments of folks who live in unusual homes -- ",0
"( i ) t 's certainly laudable that the movie deals with hot-button issues in a comedic context , but barbershop is n't as funny as it should be . ",0
that the only rip off that we were aware of ,0
no quarter to anyone seeking to pull a cohesive story out of its 2 1/2 - hour running time ,0
's that painful . ,0
american beauty reeks ,0
"clotted with heavy-handed symbolism , dime-store psychology and endless scenic shots that make 105 minutes seem twice as long ",0
without any of its sense of fun or energy ,0
"'s simply stupid , irrelevant and deeply ",0
an all-time low ,0
is shockingly bad and absolutely unnecessary . ,0
"the result , however well-intentioned , is ironically just the sort of disposable , kitchen-sink homage that illustrates why the whole is so often less than the sum of its parts in today 's hollywood . ",0
low on both suspense and payoff ,0
would tax einstein 's brain . ,0
's its first sign of trouble ,0
ca n't believe anyone would really buy this stuff ,0
if ever such a dependable concept was botched in execution ,0
wedding feels a bit anachronistic . ,0
been lost in the translation this time ,0
the pianist like a surgeon mends a broken heart ; very meticulously but without any passion ,0
remains oddly detached ,0
go down with a ship as leaky ,0
"make the film more silly than scary , like some sort of martha stewart decorating program run amok ",0
a lazy exercise in bad filmmaking ,0
this thing is virtually unwatchable . ,0
would ever work in a mcculloch production again if they looked at how this movie turned out ,0
exaggerated and ,0
"takes a really long , slow and dreary time ",0
humorless ,0
bite ,0
amounts to little more than punishment . ,0
makes piecing the story together frustrating difficult ,0
the film 's hero is a bore and his innocence soon becomes a questionable kind of inexcusable dumb innocence ,0
grotesque narcissism ,0
it wore me down ,0
be so stupid ,0
what we get in feardotcom is more like something from a bad clive barker movie . ,0
from the clumsy cliché of the ugly american ,0
the passive-aggressive psychology of co-dependence ,0
does not live up to its style ,0
"first , for a movie that tries to be smart , it 's kinda dumb . ",0
worst sense ,0
"human nature is a goofball movie , in the way that malkovich was , but it tries too hard ",0
overplayed ,0
should be poignant ,0
kirshner and monroe seem to be in a contest to see who can out-bad-act the other . ,0
mug shots ,0
the barbarism of ` ethnic cleansing ,0
haute ,0
ugly and ,0
a well-intentioned effort that 's still too burdened by the actor 's offbeat sensibilities for the earnest emotional core to emerge with any degree of accessibility . ,0
"the kind of under-inspired , overblown enterprise that gives hollywood sequels a bad name ",0
"'ve had more interesting -- and , dare i say , thematically complex -- bowel movements than this long-on-the-shelf , point-and-shoot exercise in gimmicky crime drama . ",0
well to cram earplugs ,0
who is simply tired ,0
"it 's the little nuances that perhaps had to escape from director mark romanek 's self-conscious scrutiny to happen , that finally get under your skin ",0
emaciated flick ,0
"jim brown treats his women -- as dumb , credulous , unassuming , subordinate subjects ",0
point at things that explode into flame ,0
has n't escaped the rut dug by the last one ,0
an unsuccessful attempt at a movie ,0
sometimes confusing ,0
a soap-opera quality twist in the last 20 minutes ... almost puts the kibosh on what is otherwise a sumptuous work of b-movie imagination . ,0
to change hackneyed concepts when it comes to dreaming up romantic comedies ,0
the folly of superficiality that is itself ,0
lumbering load ,0
a 95-minute commercial for nba properties ,0
though many of these guys are less than adorable ,0
is deadly dull ,0
inferior ,0
"loud , ugly , irritating movie ",0
"lags badly in the middle and lurches between not-very-funny comedy , unconvincing dramatics and some last-minute action strongly reminiscent of run lola run ",0
impossible task ,0
lack their idol 's energy and passion for detail ,0
somehow snagged an oscar nomination ,0
the satire is just too easy to be genuinely satisfying . ,0
neither is it as smart ,0
"time literally stops on a dime in the tries-so-hard-to-be-cool `` clockstoppers , '' but that does n't mean it still wo n't feel like the longest 90 minutes of your movie-going life ",0
"not only are the film 's sopranos gags incredibly dated and unfunny , they also demonstrate how desperate the makers of this ` we 're - doing-it-for - the-cash ' sequel were . ",0
'n safe as to often play like a milquetoast movie of the week blown up for the big screen ,0
aims for poetry and ends up sounding like satire ,0
come close to the level of intelligence and visual splendor that can be seen in other films ,0
is it hokey ,0
as assaults on america 's knee-jerk moral sanctimony ,0
that 's hardly any fun to watch ,0
from kevin kline who unfortunately works with a two star script ,0
"change watching such a character , especially when rendered in as flat and ",0
i do n't think so . ,0
"devotees of star trek ii : the wrath of khan will feel a nagging sense of deja vu , and the grandeur of the best next generation episodes is lacking ",0
"great to see this turd squashed under a truck , preferably a semi ",0
"bile , and irony ",0
"a faulty premise , ",0
haphazardness ,0
"the plot grows thin soon , ",0
crossing-over mumbo jumbo ,0
virtually unwatchable ,0
who seem bound and determined to duplicate bela lugosi 's now-cliched vampire accent ,0
heavy with flabby rolls of typical toback machinations . ,0
"pitiful , slapdash disaster . ",0
crippled ,0
this piece of crap ,0
miserable and smug ,0
"it all unfolds predictably , and the adventures that happen along the way seem repetitive and designed to fill time , providing no real sense of suspense . ",0
down the reality drain ,0
"the only way to tolerate this insipid , brutally clueless film might be with a large dose of painkillers . ",0
a historic scandal ,0
"idea ( of middle-aged romance ) is not handled well and , except for the fine star performances ",0
their lamentations are pretty much self-centered ,0
would n't have taken the protagonists a full hour to determine that in order to kill a zombie you must shoot it in the head ,0
a documentary fails to live up to -- or offer any new insight into -- its chosen topic ,0
insistent and repetitive ,0
nausea ,0
no art ,0
seems to exist only for its climactic setpiece ,0
more silly than scary ,0
you wish you were at home watching that movie instead of in the theater watching this one ,0
's no point in extracting the bare bones of byatt 's plot for purposes of bland hollywood romance ,0
underdeveloped ,0
the jokes are flat ,0
do we really need the tiger beat version ? ,0
the disadvantage of also looking cheap ,0
churn out one mediocre movie after another ,0
"this movie is a phlegmatic bore , so tedious it makes the silly spy vs. spy film the sum of all fears , starring ben affleck , seem downright hitchcockian . ",0
"cheapo animation ( like saturday morning tv in the '60s ) , a complex sword-and-sorcery plot and characters who all have big round eyes and japanese names ",0
then just fell apart ,0
"despite its dry wit and compassion , the film suffers from a philosophical emptiness and maddeningly sedate pacing . ",0
is awful . ,0
like `` horrible '' and `` terrible ,0
is off-putting ,0
gets bogged down over 140 minutes . ,0
a pack of dogs who are smarter than him ,0
this film biggest problem ? ,0
it 's lost the politics and the social observation and become just another situation romance about a couple of saps stuck in an inarticulate screenplay . ,0
"are the uneven performances by the cast members , who seem bound and determined to duplicate bela lugosi 's now-cliched vampire accent ",0
it plainly has no business going ,0
stereotypical caretakers ,0
waster ' ,0
no place for this story to go but down ,0
are credited with the cliché-laden screenplay ,0
"flat , ",0
much of what 's on saturday morning tv especially the pseudo-educational stuff we all ca n't stand ,0
"muddled , simplistic and more than a little pretentious . ",0
than losers ,0
comedy that takes an astonishingly condescending attitude toward women ,0
"flashy , overlong soap ",0
by no means a slam-dunk and sure to ultimately disappoint the action fans who will be moved to the edge of their seats by the dynamic first act ,0
"begin to tell you how tedious , how resolutely unamusing , how thoroughly unrewarding all of this is , and what a reckless squandering of four fine acting talents ",0
", dopey old ",0
"the star who helped give a spark to `` chasing amy '' and `` changing lanes '' falls flat as thinking man cia agent jack ryan in this summer 's new action film , `` the sum of all fears ",0
"trouble every day is a success in some sense , but it 's hard to like a film so cold and dead ",0
quickly becomes a tiresome cliché ,0
be completely forgettable ,0
"low-brow humor , gratuitous violence ",0
a bland animated sequel ,0
"a stab at soccer hooliganism , a double-barreled rip-off of quentin tarantino 's climactic shootout -- and ",0
trouble every day is a plodding mess . ,0
to be consumed and forgotten ,0
", the screenplay by billy ray and terry george leaves something to be desired . ",0
its one-sidedness ,0
uneven film ,0
"is n't heated properly , so that it ends up ",0
tried as a war criminal ,0
to make such a worthless film ,0
devoid of any of the qualities that made the first film so special . ,0
a waterlogged version of ` fatal attraction ' for the teeny-bopper set ... ,0
what a reckless squandering ,0
"like one long , meandering sketch inspired by the works of john waters and todd solondz , rather than a fully developed story ",0
"by the ensemble cast , the flat dialogue by vincent r. nebrida or the gutless direction by laurice guillen ",0
time-consuming ,0
is n't nearly surprising or clever enough to sustain a reasonable degree of suspense on its own ,0
"a little too ponderous to work as shallow entertainment , not remotely incisive enough to qualify as drama , monsoon wedding serves mostly to whet one 's appetite for the bollywood films . ",0
"the profoundly devastating events of one year ago and the slow , painful healing process that has followed in their wake ",0
the film 's desire to be liked sometimes undermines the possibility for an exploration of the thornier aspects of the nature/nurture argument in regards to homosexuality . ,0
"everything 's serious , poetic , earnest and -- sadly -- dull . ",0
of anti-semitism ever seen on screen ,0
ends with a story that is so far-fetched it would be impossible to believe if it were n't true ,0
questionable ,0
gaps in their relationships ,0
"we 've seen the hippie-turned-yuppie plot before , but ",0
it 's supposed to be a romantic comedy - it suffers from too much norma rae and not enough pretty woman . ,0
badly edited ,0
run out of clever ideas and visual gags about halfway through ,0
i am baffled by jason x. ,0
is not first-rate ,0
comes across as a fairly weak retooling . ,0
"conventional -- lots of boring talking heads , etc. -- to do the subject matter justice ",0
blab ,0
is standard crime drama fare ... instantly forgettable and thoroughly dull . ,0
"has little to do with the story , which becomes something about how lame it is to try and evade your responsibilities and that you should never , ever , leave a large dog alone with a toddler ",0
and a terrible story ,0
's that painful ,0
"a zippy 96 minutes of mediocre special effects , hoary dialogue , fluxing accents , and -- worst of all -- silly-looking morlocks . ",0
"of logic and misuse of two fine actors , morgan freeman and ashley judd ",0
", the grey zone attempts to be grandiloquent , but ends up merely pretentious -- in a grisly sort of way . ",0
"what little atmosphere is generated by the shadowy lighting , macabre sets , and endless rain is offset by the sheer ugliness of everything else . ",0
an uninspired preachy and clichéd war film . ,0
it 's the worst movie i 've seen this summer ,0
"one of the most frantic , virulent and foul-natured christmas season pics ever delivered by a hollywood studio ",0
( seagal 's ) strenuous attempt at a change in expression ,0
"promisingly but disintegrates into a dreary , humorless soap opera . ",0
in a grisly sort of way ,0
nothing going for it other than its exploitive array of obligatory cheap ,0
more frustrating ,0
lacks both a purpose and a strong pulse ,0
of sleaziness ,0
"this too-long , spoofy update ",0
shoddy male hip hop fantasy ,0
", cynical ",0
like puppies with broken legs ,0
knock back a beer with but they 're simply not funny performers ,0
just is n't as weird as it ought to be . ,0
as if by cattle prod ,0
struggling ,0
all about the benjamins evokes the bottom tier of blaxploitation flicks from the 1970s . ,0
dreadfulness ,0
it 's not very interesting . ,0
out ,0
"it does n't take a rocket scientist to figure out that this is a mormon family movie , and a sappy , preachy one at that . ",0
humor in i spy is so anemic . ,0
the by now intolerable morbidity ,0
it would fit chan like a $ 99 bargain-basement special . ,0
"seem tired and , ",0
one of the saddest action hero performances ever witnessed ,0
help overcome the problematic script . ,0
"as underwater ghost stories go , below casts its spooky net out into the atlantic ocean and spits it back , grizzled and charred , somewhere northwest of the bermuda triangle . ",0
drowned me ,0
a movie character more unattractive or odorous ( than leon ) ,0
"haneke 's script ( from elfriede jelinek 's novel ) is contrived , unmotivated , and psychologically unpersuasive , with an inconclusive ending . ",0
", scoob and shag do n't eat enough during the film . ' ",0
a screwed-up man ,0
rumblings ,0
lightweight filmmaking ,0
"is depressing , ruthlessly pained and depraved , the movie equivalent of staring into an open wound . ",0
hackneyed concepts ,0
"remarkably fuddled about motives and context , which drains it of the dramatic substance that would shake us in our boots ( or cinema seats ) ",0
wickedly undramatic ,0
"an evil , monstrous lunatic ",0
excruciatingly tedious ,0
beyond redemption ,0
sleep-inducing ,0
never rises above mediocrity ,0
farts ,0
've seen the hippie-turned-yuppie plot before ,0
"patchy combination of soap opera , low-tech magic realism and , at times , ploddingly sociological commentary . ",0
hackneyed and meanspirited ,0
"the film does n't have enough innovation or pizazz to attract teenagers , and ",0
"mckay seems embarrassed by his own invention and tries to rush through the intermediary passages , apparently hoping that the audience will not notice the glaring triteness of the plot device he has put in service . ",0
the unacceptable ,0
"violent , vulgar and forgettably entertaining . ",0
shockingly bad ,0
run of the mill ,0
is n't a very ,0
"is cruel , misanthropic stuff with only weak claims to surrealism and black comedy . ",0
spies ,0
"4ever has the same sledgehammer appeal as pokemon videos , ",0
the writing and direction to the soggy performances ,0
unfunny ,0
"plodding , peevish and gimmicky . ",0
straight from the saturday morning cartoons ,0
least ,0
"thoughtful dialogue elbowed aside by one-liners , and a visual style that incorporates rotoscope animation for no apparent reason except ",0
dying a slow death ,0
"lack contrast , are murky and are frequently too dark to be decipherable . ",0
"under the skin of a man we only know as an evil , monstrous lunatic ",0
especially the pseudo-educational stuff we all ca n't stand ,0
vaporize from your memory minutes ,0
decrepit ,0
two guys yelling in your face for two hours ,0
"cold , sterile and lacking any color or warmth ",0
is not handled well ,0
suffocating ,0
stink ,0
the milieu is wholly unconvincing ... and the histrionics reach a truly annoying pitch ,0
"( or role , or edit , or score , or anything , really ",0
in a standard plot ,0
b movies ,0
be one of those movies barely registering a blip on the radar screen of 2002 ,0
for pretentious arts majors ,0
reek of a script ,0
bottom tier ,0
"a screenplay that forces them into bizarre , implausible behavior ",0
of this dog of a movie ,0
too bad kramer could n't make a guest appearance to liven things up . ,0
plays like a bad blend of an overripe episode of tv 's dawson 's creek and a recycled and dumbed-down version of love story . ,0
yet depressing film ,0
descends into such message-mongering moralism ,0
fall fast asleep ,0
virtually no aftertaste ,0
inane and unimaginative ,0
self-absorbed ,0
intolerable company ,0
"talky , artificial and opaque ",0
underneath such a mountain of clichés and borrowed images ,0
"falsehoods pile up , undermining the movie 's reality and stifling its creator 's comic voice . ",0
convincing as this bland blank of a man with unimaginable demons ,0
is too long with too little going on ,0
you can smell the grease on the plot ,0
human impulses that grew hideously twisted ,0
"this is a movie filled with unlikable , spiteful idiots ; whether or not their friendship is salvaged ",0
often overwritten ,0
nearly impossible ,0
offers no new insight on the matter ,0
tastelessness and gall ,0
bad action-movie line ,0
"contrived , unmotivated , and psychologically unpersuasive ",0
the film is way too full of itself ; it 's stuffy and pretentious in a give-me-an-oscar kind of way ,0
any true emotional connection or identification frustratingly ,0
of run-of-the-mill profanity ,0
feel like three hours . ,0
"is confusing on one level or another , making ararat far more demanding than it needs to be ",0
laughably ,0
"of bland hotels , highways , parking lots ",0
with a large dose of painkillers ,0
wastes ,0
", mind-numbingly , indescribably bad ",0
menacing ,0
incessantly ,0
bears about as much resemblance to the experiences of most battered women as spider-man does to the experiences of most teenagers . ,0
that you 've spent the past 20 minutes looking at your watch ,0
"helmer hudlin tries to make a hip comedy , ",0
as funny nor ,0
lacks balance ,0
hard pressed to succumb to the call of the wild ,0
revelatory nor truly edgy -- merely crassly flamboyant and comedically labored . ,0
despicable characters ,0
", director chris columbus takes a hat-in-hand approach to rowling that stifles creativity and allows the film to drag on for nearly three hours . ",0
a markedly inactive film ,0
exercise in sham actor workshops and an affected malaise ,0
the gratuitous cinematic distractions ,0
does n't work because there is no foundation for it ,0
makes even elizabeth hurley seem graceless and ugly . ,0
inhale this gutter romancer 's secondhand material ,0
is very difficult ,0
is virtually without context -- journalistic or historical ,0
", this movie is a phlegmatic bore , so tedious it makes the silly spy vs. spy film the sum of all fears , starring ben affleck , seem downright hitchcockian . ",0
to it -- as if the director is trying to dupe the viewer into taking it all as very important simply because the movie is ugly to look at and not a hollywood product ,0
takes chances that are bold by studio standards ,1
a beautiful food entrée ,1
a diverse and astonishingly articulate cast of palestinian and israeli children . ,1
"if it is n't entirely persuasive , it does give exposure to some talented performers ",1
"delivers what it promises : a look at the `` wild ride '' that ensues when brash young men set out to conquer the online world with laptops , cell phones and sketchy business plans ",1
a wonderful tale of love and destiny ,1
gorgeous and deceptively minimalist ,1
fresh-faced ,1
to spare wildlife ,1
peels layers from this character that may well not have existed on paper . ,1
squareness that would make it the darling of many a kids-and-family-oriented cable channel ,1
it forces you to watch people doing unpleasant things to each other and themselves ,1
smart and dark - ,1
", compelling ",1
beautiful to watch and ,1
a good one ,1
begins like a docu-drama but builds its multi-character story with a flourish . ,1
"take care is nicely performed by a quintet of actresses , ",1
beautiful paean ,1
", but what really sets the film apart is debrauwer 's refusal to push the easy emotional buttons ",1
down-to-earth bullock ,1
manages to accomplish what few sequels can -- it equals the original and in some ways even betters it ,1
the movie is powerful and provocative . ,1
an entertainment destination for the general public ,1
` it 's like having an old friend for dinner ' . ,1
enjoyed it just ,1
"beautifully acted and directed , it 's clear that washington most certainly has a new career ahead of him if he so chooses . ",1
of moviegoers for real characters and compelling plots ,1
", 84 minutes is short ",1
jolts the laughs from the audience ,1
"genial is the conceit , this is one of those rare pictures that you root for throughout , ",1
cross swords with the best of them and ,1
transfixes the audience ,1
does pack some serious suspense . ,1
"a larger-than-life figure , ",1
"does a great combination act as narrator , jewish grandmother and subject -- taking us through a film that is part biography , part entertainment and part history . ",1
"unpretentious , charming , quirky , original ",1
"by no means a great movie , but it is a refreshingly forthright one . ",1
a bracing truth that 's refreshing after the phoniness of female-bonding pictures like divine secrets of the ya-ya sisterhood ,1
"bill plympton , the animation master ",1
"well , it probably wo n't have you swinging from the trees hooting it 's praises , but it 's definitely worth taking a look . ",1
excites the imagination and tickles the funny bone ,1
"scherfig , who has had a successful career in tv ",1
is magnetic as graham ,1
devos and cassel have tremendous chemistry -- ,1
yet permits laughter ,1
", good action , good acting , good dialogue , good pace , good cinematography . ",1
"is an accuracy of observation in the work of the director , frank novak , that keeps the film grounded in an undeniable social realism ",1
"take care is nicely performed by a quintet of actresses , ",1
an ebullient affection ,1
no pastry is violated ,1
it 's easy to love robin tunney ,1
gorgeous and deceptively minimalist ,1
intelligent and moving . ,1
"directed with purpose and finesse by england 's roger mitchell , who handily makes the move from pleasing , relatively lightweight commercial fare such as notting hill to commercial fare with real thematic heft . ",1
delivered with such conviction that it 's hard not to be carried away ,1
", thought-provoking film ",1
handles it in the most unexpected way ,1
very good viewing alternative ,1
"high drama , disney-style ",1
overwhelmingly ,1
it irrigates our souls . ,1
be surprised at the variety of tones in spielberg 's work ,1
"timely , tongue-in-cheek ",1
a passable date film ,1
with a creepy and dead-on performance ,1
"passionate , tumultuous affair ",1
"a fascinating , dark thriller that keeps you hooked on the delicious pulpiness of its lurid fiction . ",1
"is always a joy to watch , even when her material is not first-rate ",1
you can take the grandkids or the grandparents and never worry about anyone being bored ,1
generates ,1
with awe ,1
", sometimes beautiful adaptation ",1
is truly gorgeous to behold ,1
delivered with such conviction that it 's hard not to be carried away ,1
"demonstrates that the director of such hollywood blockbusters as patriot games can still turn out a small , personal film with an emotional wallop . ",1
the slow parade of human frailty fascinates you ,1
made eddie murphy a movie star and the man has n't aged a day . ,1
enjoy the ride ,1
"proves once again he has n't lost his touch , bringing off a superb performance in an admittedly middling film ",1
to the genre and another first-rate performance ,1
that in a good way ,1
makes a meal of it ,1
moonlight mile should strike a nerve in many . ,1
good-bad that makes eight legged freaks a perfectly entertaining summer diversion ,1
"this is a very funny , heartwarming film . ",1
a masterpiece ,1
have a passion for the material ,1
"it 's a testament to the film 's considerable charm that it succeeds in entertaining , despite playing out like a feature-length sitcom replete with stereotypical familial quandaries . ",1
"coppola , along with his sister , sofia , is a real filmmaker ",1
a diverse and astonishingly articulate cast of palestinian and israeli children . ,1
an enjoyable experience . ,1
a perfect performance ,1
", after only three films , director/co-writer jacques audiard , though little known in this country , belongs in the very top rank of french filmmakers ",1
betters it ,1
"the fourth `` pokemon '' is a diverting -- if predictable -- adventure suitable for a matinee , with a message that cautions children about disturbing the world 's delicate ecological balance . ",1
with the the wisdom and humor of its subjects ,1
bloody beauty as vivid ,1
"to convince almost everyone that it was put on the screen , just for them ",1
gripping humanity ,1
"while tattoo borrows heavily from both seven and the silence of the lambs , it manages to maintain both a level of sophisticated intrigue and human-scale characters that suck the audience in . ",1
", this gender-bending comedy is generally quite funny . ",1
we want the funk - and this movie 's got it ,1
of the amazing spider-man ,1
"that this is a serious work by an important director who has something new to say about how , in the flip-flop of courtship , we often reel in when we should be playing out ",1
free ,1
be part of ,1
sharp edges and a deep vein of sadness ,1
fashioning an engrossing entertainment out ,1
"xxx is a blast of adrenalin , ",1
on all cylinders ,1
insanely hilarious ,1
cinematic bon bons ,1
"its story about a young chinese woman , ah na , who has come to new york city to replace past tragedy with the american dream ",1
manages to accomplish what few sequels can -- it equals the original and in some ways even betters it ,1
"evanescent , seamless and sumptuous stream ",1
"i like that smith , he 's not making fun of these people , he 's not laughing at them . ",1
is impressive for the sights and sounds of the wondrous beats the world has to offer ,1
"as a young woman of great charm , generosity and diplomacy ",1
an unorthodox little film noir organized crime story that includes one of the strangest ,1
"the old saying goes , because it 's true ",1
keep the movie slaloming through its hackneyed elements with enjoyable ease ,1
a laugh between them ,1
this fascinating portrait of a modern lothario ,1
the numerous scenes ,1
the perfect movie ,1
"wonderland adventure , a stalker thriller , and ",1
one-hour mark ,1
sustains ,1
oh-so-important ,1
fashioning an engrossing entertainment out ,1
rich veins of funny stuff in this movie ,1
"hugh grant , who has a good line in charm ",1
"the chateau , a sense of light-heartedness , that makes it attractive throughout ",1
as it does because ( the leads ) are such a companionable couple ,1
film to affirm love 's power to help people endure almost unimaginable horror ,1
rich and sudden wisdom ,1
it 's on par with the first one ,1
"the wonderfully lush morvern callar is pure punk existentialism , and ",1
exceptional lead performances ,1
has considerable charm ,1
a simple tale ,1
elvira fans could hardly ask for more . ,1
a powerful sequel and one of the best films of the year . ,1
long and eventful ,1
"once folks started hanging out at the barbershop , they never wanted to leave . ",1
see a movie with its heart ,1
can outgag any of those young whippersnappers making moving pictures today ,1
a perfect performance ,1
more than ably ,1
to please audiences who like movies that demand four hankies ,1
the greatest musicians ,1
"acquires an undeniable entertainment value as the slight , pale mr. broomfield continues to force himself on people and into situations that would make lesser men run for cover . ",1
it 's on par with the first one ,1
still fun and enjoyable ,1
"hashiguchi covers this territory with wit and originality , suggesting that with his fourth feature -- the first to be released in the u.s. -- a major director is emerging in world cinema . ",1
tv ,1
that gradually sneaks up on the audience ,1
joyous romp of a film . ,1
on all cylinders ,1
provide an intense experience ,1
heralds something special ,1
be able to look away for a second ,1
positive impression ,1
as john ritter 's glory days ,1
a fairly revealing study of its two main characters ,1
the most affecting depictions of a love affair ,1
"with color and depth , and rather a good time ",1
the moral shrapnel and mental shellshock will linger long after this film has ended . ,1
an ebullient affection ,1
"the wonderfully lush morvern callar is pure punk existentialism , and ",1
oh-so-important ,1
gripping humanity ,1
"there are laughs aplenty , and ",1
bound to appeal to women looking for a howlingly trashy time ,1
"'s coherent , well shot , and tartly ",1
", like life , is n't much fun without the highs and lows ",1
nearly as fresh or enjoyable ,1
about love and culture ,1
no doubt intended the film to affirm love 's power to help people endure almost unimaginable horror ,1
"may be more genial than ingenious , but it gets the job done . ",1
"some movies suck you in despite their flaws , ",1
"an entertaining british hybrid of comedy , caper thrills and quirky romance . ",1
the animated sequences are well done and perfectly constructed to convey a sense of childhood imagination ,1
a bracing truth that 's refreshing after the phoniness of female-bonding pictures like divine secrets of the ya-ya sisterhood ,1
with such provocative material ,1
exceptional lead performances ,1
humorous and touching . ,1
"an entertaining british hybrid of comedy , caper thrills and quirky romance . ",1
rich veins of funny stuff in this movie ,1
"sandra bullock and hugh grant make a great team , ",1
"this is a very funny , heartwarming film . ",1
"timely , tongue-in-cheek ",1
"it 's sweet and fluffy at the time , ",1
it forces you to watch people doing unpleasant things to each other and themselves ,1
the hearts and minds ,1
"is in the right place , his plea for democracy and civic action laudable ",1
with a big heart ,1
the scorpion king more than ably ,1
oh-so-important ,1
"scherfig , who has had a successful career in tv ",1
of the best short story writing ,1
we find ourselves surprised at how much we care about the story ,1
the truly funny bits ,1
is worth searching out ,1
are relegated to the background -- a welcome step forward from the sally jesse raphael atmosphere of films like philadelphia and american beauty . ,1
a twist ,1
is god ,1
"is haunting ... ( it 's ) what punk rock music used to be , and what the video medium could use more of : spirit , perception , conviction ",1
other than its oscar-sweeping franchise predecessor ,1
a simplistic narrative and ,1
an enjoyable experience . ,1
"going at a rapid pace , ",1
"a guilty-pleasure , daytime-drama sort ",1
that excites the imagination and tickles the funny bone ,1
"slow and ponderous , but rohmer 's drama builds to an intense indoor drama about compassion , sacrifice , and christian love in the face of political corruption . ",1
of the best short story writing ,1
no pastry is violated ,1
you 're gon na like this movie . ,1
a powerful sequel and one of the best films of the year . ,1
begins like a docu-drama but builds its multi-character story with a flourish . ,1
accentuating ,1
touching reflection ,1
"assured , glossy and shot through with brittle desperation ",1
is impressive for the sights and sounds of the wondrous beats the world has to offer ,1
deserve a passing grade ,1
heartfelt performances ,1
a technically superb film ,1
samuel l. jackson ,1
go see this delightful comedy . ,1
the most affecting depictions of a love affair ,1
fluid and mesmerizing ,1
beloved-major ,1
this amiable picture ,1
enjoyed it just ,1
"reacting to it - feeling a part of its grand locations , ",1
a technically superb film ,1
can outgag any of those young whippersnappers making moving pictures today ,1
"'s mildly entertaining , ",1
", sometimes beautiful adaptation ",1
no doubt intended the film to affirm love 's power to help people endure almost unimaginable horror ,1
a technically superb film ,1
"demonstrates that the director of such hollywood blockbusters as patriot games can still turn out a small , personal film with an emotional wallop . ",1
-- that you should never forget ,1
very funny joke ,1
made eddie murphy a movie star and the man has n't aged a day . ,1
to address his own world war ii experience in his signature style ,1
of the best short story writing ,1
we find ourselves surprised at how much we care about the story ,1
revelatory performance ,1
"a sort of geriatric dirty harry , which will please eastwood 's loyal fans -- and suits the story , wherein our hero must ride roughshod over incompetent cops to get his man ",1
slick and manufactured to claim street credibility . ,1
", this gender-bending comedy is generally quite funny . ",1
a powerful sequel and one of the best films of the year . ,1
good-bad that makes eight legged freaks a perfectly entertaining summer diversion ,1
touching reflection ,1
a simplistic narrative and ,1
"england 's roger mitchell , who handily makes the move from pleasing ",1
quite endearing . ,1
scenes of cinematic perfection ,1
"maybe it is formula filmmaking , but there 's nothing wrong with that if the film is well-crafted and this one is . ",1
luminous interviews and amazingly evocative film from three decades ago ,1
traditionally structured ,1
an absolute delight for all audiences ,1
still fun and enjoyable ,1
allen 's romantic comedies so pertinent and enduring ,1
of quirky characters and an engaging story ,1
"its exquisite acting , inventive screenplay , mesmerizing music , and ",1
the wonderful cinematography and naturalistic acting ,1
"by no means a great movie , but it is a refreshingly forthright one . ",1
see the forest for the trees ,1
rich and full ,1
off-beat and fanciful ,1
"the chateau , a sense of light-heartedness , that makes it attractive throughout ",1
does point the way for adventurous indian filmmakers toward a crossover into nonethnic markets . ,1
greatly ,1
"feeling guilty for it ... then , miracle of miracles , the movie does a flip-flop . ",1
superlative ,1
"a rollicking adventure for you and all your mateys , regardless of their ages ",1
"is an accuracy of observation in the work of the director , frank novak , that keeps the film grounded in an undeniable social realism . ",1
as the remarkable ensemble cast brings them to life ,1
"that this is a serious work by an important director who has something new to say about how , in the flip-flop of courtship , we often reel in when we should be playing out ",1
revelatory performance ,1
it irrigates our souls . ,1
"by no means a great movie , but it is a refreshingly forthright one . ",1
", home movie will leave you wanting more , not to mention leaving you with some laughs and a smile on your face . ",1
", the film retains ambiguities that make it well worth watching . ",1
finely written ,1
i 'll buy the soundtrack . ,1
a summer of good stuff ,1
the hearts and minds ,1
"a deft sense of humor about itself , a playful spirit and a game cast ",1
"while tattoo borrows heavily from both seven and the silence of the lambs , it manages to maintain both a level of sophisticated intrigue and human-scale characters that suck the audience in . ",1
deemed important enough to make a film in which someone has to be hired to portray richard dawson ,1
grows ,1
the scorpion king more than ably ,1
huge-screen format to make an old-fashioned nature film that educates viewers with words and pictures while entertaining them ,1
"i have ever seen , constantly pulling the rug from underneath us , seeing things from new sides , plunging deeper , getting more intense . ",1
again dazzle and delight us ,1
charlotte sometimes is a gem . ,1
riveting and ,1
"that this is a serious work by an important director who has something new to say about how , in the flip-flop of courtship , we often reel in when we should be playing out ",1
rich and full ,1
it irrigates our souls . ,1
invigorating about ,1
can open the door to liberation . ,1
"demonstrates that the director of such hollywood blockbusters as patriot games can still turn out a small , personal film with an emotional wallop . ",1
shakespearean -- both in depth and breadth -- ,1
moving and important ,1
perfect material ,1
"a journey spanning nearly three decades of bittersweet camaraderie and history , in which we feel that we truly know what makes holly and marina tick ",1
based on a true and historically significant story ,1
about love and culture ,1
"if anything , see it for karen black , who camps up a storm as a fringe feminist conspiracy theorist named dirty dick . ",1
deserve a passing grade ,1
elvira fans could hardly ask for more . ,1
should have a stirring time at this beautifully drawn movie ,1
"coppola , along with his sister , sofia , is a real filmmaker ",1
a nonstop hoot ,1
"take care is nicely performed by a quintet of actresses , ",1
that is more complex and honest than anything represented in a hollywood film ,1
makes an unusual but pleasantly haunting debut behind the camera . ,1
"the direction has a fluid , no-nonsense authority , and the performances by harris , phifer and cam ` ron seal the deal . ",1
showing honest emotions ,1
"a smartly directed , grown-up film ",1
a twist ,1
"because it was so endlessly , grotesquely , inventive ",1
"'s mildly entertaining , ",1
improved upon the first ,1
k-19 : the widowmaker is a great yarn . ,1
manages to infuse the rocky path to sibling reconciliation with flashes of warmth and gentle humor ,1
moving and important ,1
appealing character quirks to forgive that still serious problem ,1
it 's smooth and professional ,1
beloved-major ,1
the scorpion king more than ably ,1
elvira fans could hardly ask for more . ,1
"a fine , rousing , g-rated family film , aimed mainly at little kids but with plenty of entertainment value to keep grown-ups from squirming in their seats . ",1
"while tattoo borrows heavily from both seven and the silence of the lambs , it manages to maintain both a level of sophisticated intrigue and human-scale characters that suck the audience in . ",1
the opulent lushness ,1
to the genre and another first-rate performance ,1
"a lot to do with the casting of juliette binoche as sand , who brings to the role her pale , dark beauty and characteristic warmth ",1
"to convince almost everyone that it was put on the screen , just for them ",1
and satirical touches ,1
", 84 minutes is short ",1
get the impression that writer and director burr steers knows the territory ,1
favor of tradition and warmth ,1
"hashiguchi covers this territory with wit and originality , suggesting that with his fourth feature -- the first to be released in the u.s. -- a major director is emerging in world cinema . ",1
of moviegoers for real characters and compelling plots ,1
"coppola , along with his sister , sofia , is a real filmmaker ",1
"is moody , oozing , chilling and heart-warming all at once ",1
a laugh between them ,1
"hugh grant , who has a good line in charm ",1
for a story ,1
an absolute delight for all audiences ,1
the hearts and minds ,1
film to affirm love 's power to help people endure almost unimaginable horror ,1
has a bracing truth that 's refreshing after the phoniness of female-bonding pictures like divine secrets of the ya-ya sisterhood . ,1
jolts the laughs from the audience ,1
laughs aplenty ,1
a wonderful ensemble cast ,1
cross swords with the best of them and ,1
"'s no surprise that as a director washington demands and receives excellent performances , ",1
a spoof comedy ,1
well-rounded tribute ,1
"a solid cast , assured direction and complete lack of modern day irony . ",1
"liberal doses of dark humor , gorgeous exterior photography , and a stable-full of solid performances ",1
devos and cassel have tremendous chemistry -- ,1
his story ends or just ca n't tear himself away from the characters ,1
you can take the grandkids or the grandparents and never worry about anyone being bored ,1
is worth searching out ,1
starts with a legend ,1
`` auto focus '' works as an unusual biopic and document of male swingers in the playboy era ,1
of moviegoers for real characters and compelling plots ,1
"it 's sweet and fluffy at the time , ",1
off-beat and fanciful ,1
balances both traditional or modern stories together in a manner that one never overwhelms the other . ,1
"than in creating an emotionally complex , dramatically satisfying heroine ",1
"a journey spanning nearly three decades of bittersweet camaraderie and history , in which we feel that we truly know what makes holly and marina tick ",1
"coppola , along with his sister , sofia , is a real filmmaker ",1
should have a stirring time at this beautifully drawn movie ,1
is one of the year 's best ,1
"once folks started hanging out at the barbershop , they never wanted to leave . ",1
"beautifully acted and directed , it 's clear that washington most certainly has a new career ahead of him if he so chooses . ",1
"acted and directed , it 's clear that washington most certainly has a new career ahead of him ",1
"its premise is smart , but ",1
it 's about issues most adults have to face in marriage and i think that 's what i liked about it -- the real issues tucked between the silly and crude storyline ,1
has the right stuff for silly summer entertainment and has enough laughs to sustain interest to the end . ,1
very funny joke ,1
pure escapism ,1
that in a good way ,1
funny yet ,1
beautiful to watch and ,1
a fierce dance ,1
elvira fans could hardly ask for more . ,1
is god ,1
based on a true and historically significant story ,1
of quirky characters and an engaging story ,1
"a rollicking adventure for you and all your mateys , regardless of their ages ",1
samuel l. jackson ,1
laughed at ,1
you have ellen pompeo sitting next to you for the ride ,1
to maintain both a level of sophisticated intrigue and human-scale characters that suck the audience in ,1
elvira fans could hardly ask for more . ,1
"well , it probably wo n't have you swinging from the trees hooting it 's praises , but it 's definitely worth taking a look . ",1
to a kinetic life so teeming that even cranky adults may rediscover the quivering kid inside ,1
watching it leaves you giddy ,1
transfixes the audience ,1
", 84 minutes is short ",1
an avid interest ,1
jolts the laughs from the audience -- ,1
the picture 's fascinating byways ,1
heroes ,1
creates a fluid and mesmerizing sequence of images to match the words of nijinsky 's diaries . ,1
"been written so well , that even a simple `` goddammit ",1
made eddie murphy a movie star and the man has n't aged a day . ,1
"an eerily suspenseful , deeply absorbing piece that works as a treatise on spirituality as well as a solid sci-fi thriller ",1
jolts the laughs from the audience -- ,1
a legendary professor ,1
we want the funk - and this movie 's got it ,1
it 's about family ,1
a coming-of-age film that avoids the cartoonish clichés and sneering humor of the genre as it provides a fresh view of an old type -- ,1
"entertaining and , ultimately , more perceptive ",1
masterful british actor ian holm ,1
can only love the players it brings to the fore for the gifted but no-nonsense human beings they are and for the still-inestimable contribution they have made to our shared history ,1
sustains ,1
enjoyed it just ,1
been kind enough to share it ,1
manages to infuse the rocky path to sibling reconciliation with flashes of warmth and gentle humor ,1
that gradually sneaks up on the audience ,1
manages to nail the spirit-crushing ennui of denuded urban living without giving in to it . ,1
filming the teeming life on the reefs ,1
see this ,1
so much like a young robert deniro ,1
that in a good way ,1
a bracing truth that 's refreshing after the phoniness of female-bonding pictures like divine secrets of the ya-ya sisterhood ,1
lives up to the stories and faces and music of the men who are its subject . ,1
of survival wrapped in the heart-pounding suspense of a stylish psychological thriller ,1
", if good-hearted , movie . ",1
earnest movie ,1
nearly as fresh or enjoyable ,1
"is in the right place , his plea for democracy and civic action laudable ",1
intricate plot ,1
", like life , is n't much fun without the highs and lows ",1
"as well-written as sexy beast , not as gloriously flippant as lock , stock and two smoking barrels , but stylish and moody and ",1
"covers this territory with wit and originality , suggesting that with his fourth feature ",1
into this dream hispanic role with a teeth-clenching gusto ,1
you can take the grandkids or the grandparents and never worry about anyone being bored ,1
"its premise is smart , but ",1
find a scathing portrayal of a powerful entity strangling the life out of the people who want to believe in it the most ,1
"offbeat humor , amusing characters , and a happy ending ",1
"schaeffer is n't in this film , which may be why it works as well as it does . ",1
the rock 's fighting skills are more in line with steven seagal ,1
a passable date film ,1
"makes us see familiar issues , like racism and homophobia , in a fresh way . ",1
"a powerful , inflammatory film ",1
", after only three films , director/co-writer jacques audiard , though little known in this country , belongs in the very top rank of french filmmakers ",1
respectable new one ,1
"dickens ' wonderfully sprawling soap opera , the better ",1
coen brothers ,1
positive impression ,1
"scherfig , who has had a successful career in tv ",1
are worth the price of admission ... if `` gory mayhem '' is your idea of a good time ,1
the sensational ,1
"genial is the conceit , this is one of those rare pictures that you root for throughout , ",1
"an eerily suspenseful , deeply absorbing piece that works as a treatise on spirituality as well as a solid sci-fi thriller ",1
weirdly engaging and unpredictable character pieces ,1
unique directing style ,1
heartfelt performances ,1
a bracing truth that 's refreshing after the phoniness of female-bonding pictures like divine secrets of the ya-ya sisterhood ,1
excites the imagination and tickles the funny bone ,1
"the direction has a fluid , no-nonsense authority , and the performances by harris , phifer and cam ` ron seal the deal . ",1
presents us with an action movie that actually has a brain . ,1
can outgag any of those young whippersnappers making moving pictures today ,1
an inuit masterpiece ,1
", this gender-bending comedy is generally quite funny . ",1
can open the door to liberation . ,1
"sandra bullock and hugh grant make a great team , ",1
the greatest musicians ,1
takes chances that are bold by studio standards ,1
in addition to hoffman 's powerful acting clinic ,1
the first bond movie in ages that is n't fake fun ,1
its most immediate and most obvious pleasure ,1
it 's robert duvall ! ,1
an adventurous young talent ,1
i 'll buy the soundtrack . ,1
"lifted from terry gilliam 's subconscious , pressed through kafka 's meat grinder and into buñuel 's casings ",1
"... a vivid , thoughtful , unapologetically raw coming-of-age tale full of sex , drugs and rock 'n' roll . ",1
good a job as anyone ,1
p.t. anderson understands the grandness of romance and how love is the great equalizer that can calm us of our daily ills and bring out joys in our lives that we never knew were possible ,1
enjoy the ride ,1
a spoof comedy ,1
should have a stirring time at this beautifully drawn movie ,1
"that should attract upscale audiences hungry for quality and a nostalgic , twisty yarn that will keep them guessing ",1
showing honest emotions ,1
"continues to cut a swathe through mainstream hollywood , while retaining an integrity and refusing to compromise his vision . ",1
can only point the way -- but thank goodness for this signpost ,1
provide its keenest pleasures ,1
it irrigates our souls . ,1
an admirable reconstruction of terrible events ,1
make a pretty good team ,1
"'s at once laughable and compulsively watchable , ",1
gangs excels in spectacle and pacing . ,1
takes hold and grips hard ,1
that gradually sneaks up on the audience ,1
deemed important enough to make a film in which someone has to be hired to portray richard dawson ,1
provide its keenest pleasures ,1
zealand coming-of-age movie ,1
"was amused and entertained by the unfolding of bielinsky 's cleverly constructed scenario , and greatly impressed by the skill of the actors involved in the enterprise . ",1
bound ,1
begins on a high note and ,1
"with color and depth , and rather a good time ",1
"a sort of geriatric dirty harry , which will please eastwood 's loyal fans -- and suits the story , wherein our hero must ride roughshod over incompetent cops to get his man ",1
merit its 103-minute length ,1
measured against practically any like-themed film other than its oscar-sweeping franchise predecessor ,1
", thought-provoking film ",1
nicely done ,1
has finally made a movie that is n't just offensive ,1
one carried by a strong sense of humanism ,1
intriguing species ,1
most amazing super-sized dosage ,1
another masterpiece ,1
's good to see michael caine whipping out the dirty words and punching people in the stomach again . ,1
at existing photos ,1
quite endearing . ,1
reveals how important our special talents can be when put in service of of others . ,1
the cast is spot on and ,1
"lifted from terry gilliam 's subconscious , pressed through kafka 's meat grinder and into buñuel 's casings ",1
has created a brilliant motion picture . ,1
"some movies suck you in despite their flaws , ",1
the intoxicating fumes and emotional ghosts of a freshly painted rembrandt ,1
decent performance ,1
very funny joke ,1
wide-awake all the way through ,1
it 's robert duvall ! ,1
's pleasant enough -- and oozing with attractive men ,1
"'s no surprise that as a director washington demands and receives excellent performances , ",1
"a journey spanning nearly three decades of bittersweet camaraderie and history , in which we feel that we truly know what makes holly and marina tick ",1
romanticized rendering ,1
"acquires an undeniable entertainment value as the slight , pale mr. broomfield continues to force himself on people and into situations that would make lesser men run for cover . ",1
make a pretty good team ,1
funny and sad ,1
morton deserves an oscar nomination . ,1
"a deft sense of humor about itself , a playful spirit and a game cast ",1
so skeeved out that they 'd need a shower ,1
the perfect movie ,1
moving and important ,1
the moral shrapnel and mental shellshock will linger long after this film has ended . ,1
embracing ,1
"proves once again he has n't lost his touch , bringing off a superb performance in an admittedly middling film . ",1
much needed ,1
particularly impressive ,1
of the finest films of the year ,1
a good one ,1
begins on a high note and ,1
help chicago make the transition from stage to screen with considerable appeal intact ,1
ca n't miss it ,1
much needed ,1
should have a stirring time at this beautifully drawn movie ,1
go see this delightful comedy . ,1
"assured , glossy and shot through with brittle desperation ",1
to please audiences who like movies that demand four hankies ,1
winning shot ,1
is one of the year 's best ,1
more than another `` best man '' clone by weaving a theme throughout this funny film ,1
we want the funk - and this movie 's got it ,1
a lot of energy ,1
lives up to the stories and faces and music of the men who are its subject . ,1
true star ,1
samuel l. jackson ,1
about love and culture ,1
"does a great combination act as narrator , jewish grandmother and subject -- taking us through a film that is part biography , part entertainment and part history . ",1
begins like a docu-drama but builds its multi-character story with a flourish . ,1
to watch too many barney videos ,1
this fascinating portrait of a modern lothario ,1
be part of ,1
with a wonderful ensemble cast of characters that bring the routine day to day struggles of the working class to life ,1
be able to look away for a second ,1
"a fascinating , compelling story ",1
can outgag any of those young whippersnappers making moving pictures today ,1
fluid and mesmerizing ,1
dreamy ,1
to the enduring strengths of women ,1
men ,1
"alternating between facetious comic parody and pulp melodrama , this smart-aleck movie ... tosses around some intriguing questions about the difference between human and android life ",1
"this is a very funny , heartwarming film . ",1
decent performance ,1
wow ' factor ,1
enriched by an imaginatively mixed cast of antic spirits ,1
to maintain both a level of sophisticated intrigue and human-scale characters that suck the audience in ,1
laughed at ,1
transfixes the audience ,1
"the old saying goes , because it 's true ",1
for one splendidly cast pair ,1
generates ,1
", after only three films , director/co-writer jacques audiard , though little known in this country , belongs in the very top rank of french filmmakers ",1
"the picture runs a mere 84 minutes , but it 's no glance . ",1
you can take the grandkids or the grandparents and never worry about anyone being bored ,1
a celebrated wonder in the spotlight ,1
takes off in totally unexpected directions and ,1
surprisingly faithful ,1
"pays earnest homage to turntablists and beat jugglers , old schoolers and current innovators ",1
worth a recommendation ,1
in addition to hoffman 's powerful acting clinic ,1
embracing than monty ,1
it 's about family ,1
sharp edges and a deep vein of sadness ,1
well-thought stunts or ,1
's also undeniably exceedingly clever ,1
endear ,1
improved upon the first ,1
for its extraordinary intelligence and originality ,1
of moviegoers for real characters and compelling plots ,1
"director paul cox 's unorthodox , abstract approach to visualizing nijinsky 's diaries is both stimulating and demanding . ",1
put together a bold biographical fantasia ,1
photographic marvel ,1
is a greater attention to the parents -- and particularly the fateful fathers -- in the emotional evolution of the two bewitched adolescents . ,1
"beautifully acted and directed , it 's clear that washington most certainly has a new career ahead of him if he so chooses . ",1
see a movie with its heart ,1
deserves a place of honor next to nanook as a landmark in film history . ,1
elvira fans could hardly ask for more . ,1
sexual and romantic ,1
"with color and depth , and rather a good time ",1
begins like a docu-drama but builds its multi-character story with a flourish . ,1
"entertaining and , ultimately , more perceptive ",1
"scherfig , who has had a successful career in tv ",1
to address his own world war ii experience in his signature style ,1
based on a true and historically significant story ,1
as it does because ( the leads ) are such a companionable couple ,1
a satisfyingly unsettling ride ,1
the wisdom and humor ,1
nearly as fresh or enjoyable ,1
enthralling ,1
of the amazing spider-man ,1
"it 's sweet and fluffy at the time , ",1
another entertaining romp from robert rodriguez . ,1
brings the proper conviction to his role as ( jason bourne ) . ,1
gripping portrait ,1
for its extraordinary intelligence and originality ,1
weirdly engaging and unpredictable character pieces ,1
wow ' factor ,1
no doubt intended the film to affirm love 's power to help people endure almost unimaginable horror ,1
sharply ,1
has always been part of for the most part wilde 's droll whimsy helps `` being earnest '' overcome its weaknesses and parker 's creative interference ... ,1
so skeeved out that they 'd need a shower ,1
"while not for every taste , this often very funny collegiate gross-out comedy goes a long way toward restoring the luster of the national lampoon film franchise , too long reduced to direct-to-video irrelevancy . ",1
"'' feels capable of charming the masses with star power , a pop-induced score and sentimental moments that have become a spielberg trademark . ",1
deserve a passing grade ,1
reveals how important our special talents can be when put in service of of others . ,1
oscar ,1
"passionate , tumultuous affair ",1
"an entertaining british hybrid of comedy , caper thrills and quirky romance . ",1
transporting is that it 's also one of the smartest ,1
"been written so well , that even a simple `` goddammit ",1
of those underrated professionals who deserve but rarely receive it ,1
the most affecting depictions of a love affair ,1
"is in the right place , his plea for democracy and civic action laudable ",1
with a creepy and dead-on performance ,1
rich and full ,1
wide-awake all the way through ,1
elvira fans could hardly ask for more . ,1
"while not for every taste , this often very funny collegiate gross-out comedy goes a long way toward restoring the luster of the national lampoon film franchise , too long reduced to direct-to-video irrelevancy . ",1
a beautifully ,1
striking deep chords of sadness ,1
"hugely entertaining from start to finish , featuring a fall from grace that still leaves shockwaves ",1
be surprised at the variety of tones in spielberg 's work ,1
huge-screen format to make an old-fashioned nature film that educates viewers with words and pictures while entertaining them ,1
rich and full ,1
some serious suspense ,1
so much like a young robert deniro ,1
breathless anticipation ,1
a legacy ,1
spiffy animated feature ,1
a showdown ,1
"hashiguchi covers this territory with wit and originality , suggesting that with his fourth feature -- the first to be released in the u.s. -- a major director is emerging in world cinema . ",1
